"","SNP","eaf.outcome","beta.outcome","se.outcome","pval.outcome","effect_allele.outcome","other_allele.outcome","chromosome","id.outcome","outcome"
"1","rs2741856",0.0936,-0.0077,0.0124,0.5333,"C","G",17,"IS","IS"
"2","rs7220014",0.0171,-0.0051,0.0354,0.8846,"T","C",17,"IS","IS"
"3","rs4793026",0.7908,-0.0039,0.0085,0.6461,"A","G",17,"IS","IS"
"4","rs58242860",0.791,-0.0043,0.0085,0.6135,"T","C",17,"IS","IS"
"5","rs2106764",0.2738,0.0028,0.0078,0.7236,"A","T",17,"IS","IS"
"6","rs75013658",0.5112,-0.0017,0.008,0.833,"A","G",15,"IS","IS"
"7","rs9902196",0.5858,0.0072,0.0071,0.3104,"T","C",17,"IS","IS"
"8","rs60210170",0.9196,0.015,0.0139,0.2801,"C","G",13,"IS","IS"
"9","rs17884549",0.9334,-0.0278,0.0144,0.05417,"T","G",17,"IS","IS"
"10","rs117857467",0.0699,-0.0043,0.0147,0.7703,"A","G",17,"IS","IS"
"11","rs865429",0.8911,-0.0128,0.0121,0.2901,"A","G",17,"IS","IS"
"12","rs1230401",0.9333,5e-04,0.0149,0.9754,"A","C",17,"IS","IS"
"13","rs140859835",0.9481,-0.0167,0.0191,0.3809,"A","G",17,"IS","IS"
"14","rs17882143",0.0145,0.0118,0.0387,0.7604,"T","C",17,"IS","IS"
"15","rs16940164",0.61,-0.0074,0.0071,0.3026,"A","C",17,"IS","IS"
"16","rs2943030",0.9655,-0.0064,0.0217,0.7689,"A","G",17,"IS","IS"
"17","rs35590725",0.4393,-0.0228,0.009,0.01156,"T","G",17,"IS","IS"
"18","rs4792912",0.0633,-0.0026,0.0148,0.8588,"T","C",17,"IS","IS"
"19","rs9303538",0.5858,0.0066,0.0072,0.3562,"A","G",17,"IS","IS"
"20","rs9899889",0.5463,-0.0123,0.0071,0.08075,"T","G",17,"IS","IS"
"21","rs17884287",0.9336,-0.0238,0.0142,0.09435,"A","G",17,"IS","IS"
"22","rs77560695",0.0567,-0.009,0.0201,0.6542,"T","C",17,"IS","IS"
"23","rs1230403",0.0345,0.0025,0.022,0.908,"T","C",17,"IS","IS"
"24","rs851059",0.5491,-0.0111,0.007,0.1137,"A","T",17,"IS","IS"
"25","rs2342311",0.095,0.0082,0.0126,0.5167,"T","C",17,"IS","IS"
"26","rs112434296",0.0137,-0.0334,0.0455,0.463,"T","C",17,"IS","IS"
"27","rs865429",0.4823,-0.0023,0.0073,0.7559,"A","G",2,"IS","IS"
"28","rs7219886",0.414,-0.0108,0.0072,0.1294,"A","G",17,"IS","IS"
"29","rs7225685",0.9321,6e-04,0.0141,0.9635,"T","C",17,"IS","IS"
"30","rs17610252",0.0663,0.0271,0.0142,0.05515,"A","T",17,"IS","IS"
"31","rs851057",0.8585,0.0057,0.0123,0.6445,"C","G",17,"IS","IS"
"32","rs60908520",0.2095,0.0038,0.0085,0.6564,"T","C",17,"IS","IS"
"33","rs6503476",0.2085,0.0046,0.0085,0.5904,"T","C",17,"IS","IS"
"34","rs851063",0.4475,0.0079,0.007,0.2609,"T","C",17,"IS","IS"
"35","rs17885814",0.0644,0.024,0.0144,0.09548,"C","G",17,"IS","IS"
"36","rs1230395",0.9329,0.0015,0.0154,0.9196,"T","C",17,"IS","IS"
"37","rs4793027",0.0673,-9e-04,0.0141,0.9484,"T","C",17,"IS","IS"
"38","rs77697917",0.03,0.0238,0.0229,0.2982,"T","C",17,"IS","IS"
"39","rs851060",0.5483,-0.0117,0.007,0.09493,"T","C",17,"IS","IS"
"40","rs11650233",0.2783,-0.012,0.0079,0.1271,"T","C",17,"IS","IS"
"41","rs9303537",0.3423,-0.0143,0.0075,0.05756,"T","G",17,"IS","IS"
"42","rs140859835",0.5283,0.0038,0.0069,0.5876,"A","G",12,"IS","IS"
"43","rs2023794",0.9355,-0.0229,0.0145,0.1128,"T","C",17,"IS","IS"
"44","rs17883310",0.0302,0.006,0.0315,0.8479,"A","G",17,"IS","IS"
"45","rs75013658",0.0936,-0.0072,0.0124,0.5632,"A","G",17,"IS","IS"
"46","rs851062",0.0204,-0.0053,0.0295,0.8583,"T","C",1,"IS","IS"
"47","rs955412",0.3432,-0.0176,0.0076,0.02067,"T","C",17,"IS","IS"
"48","rs9303540",0.3415,-0.0159,0.0076,0.03792,"T","C",17,"IS","IS"
"49","rs1237278",0.6481,0.0125,0.0079,0.1144,"T","C",17,"IS","IS"
"50","rs75901553",0.0643,-0.0056,0.0171,0.7455,"A","G",17,"IS","IS"
"51","rs3785810",0.7269,-0.0032,0.0078,0.6849,"C","G",17,"IS","IS"
"52","rs12948101",0.2047,0.0019,0.009,0.8353,"C","G",22,"IS","IS"
"53","rs1230402",0.0628,-0.0032,0.0157,0.8369,"A","G",17,"IS","IS"
"54","rs3200241",0.0495,0.0298,0.0168,0.07593,"C","G",17,"IS","IS"
"55","rs11713",0.2092,0.0054,0.0086,0.5306,"A","G",17,"IS","IS"
"56","rs851055",0.792,0.0058,0.0086,0.503,"T","C",5,"IS","IS"
"57","rs7342964",0.3902,0.0026,0.0072,0.7143,"A","G",17,"IS","IS"
"58","rs61608877",0.7894,-0.0033,0.0085,0.7006,"A","C",17,"IS","IS"
"59","rs1230397",0.7294,-0.0055,0.0083,0.5105,"T","C",17,"IS","IS"
"60","rs9303539",0.585,0.0059,0.0071,0.4046,"A","G",17,"IS","IS"
"61","rs7222683",0.3891,0.0029,0.0072,0.6851,"A","G",17,"IS","IS"
"62","rs9910135",0.3899,0.0025,0.0071,0.7256,"T","C",17,"IS","IS"
"63","rs112105951",0.0401,-0.0011,0.0217,0.9584,"T","C",17,"IS","IS"
"64","rs1708635",0.3518,-0.0129,0.0079,0.1029,"A","T",17,"IS","IS"
"65","rs4792911",0.0633,-0.0036,0.0147,0.8074,"T","C",17,"IS","IS"
"66","rs74330161",0.0664,0.0284,0.0142,0.04554,"C","G",17,"IS","IS"
"67","rs4793025",0.7927,-0.0054,0.0085,0.5294,"T","C",17,"IS","IS"
"68","rs1230396",0.2698,0.0056,0.0083,0.503,"A","C",17,"IS","IS"
"69","rs79882528",0.0745,-0.0021,0.016,0.8975,"T","C",17,"IS","IS"
"70","rs9912672",0.0655,-0.0031,0.0144,0.8312,"C","G",17,"IS","IS"
"71","rs60085355",0.791,-0.0038,0.0085,0.653,"T","C",17,"IS","IS"
"72","rs1230393",0.2702,0.0062,0.0083,0.4547,"A","G",17,"IS","IS"
"73","rs117857467",0.7944,-0.0032,0.0086,0.7127,"A","G",14,"IS","IS"
"74","rs12948101",0.6101,-0.0071,0.0071,0.3196,"A","G",17,"IS","IS"
"75","rs851058",0.4441,0.0023,0.0074,0.7503,"A","G",17,"IS","IS"
"76","rs17674457",0.0166,-0.0097,0.0439,0.8252,"T","C",17,"IS","IS"
"77","rs851062",0.4468,0.0076,0.007,0.2793,"A","G",17,"IS","IS"
"78","rs143139672",0.7906,-0.0044,0.0086,0.612,"C","G",17,"IS","IS"
"79","rs144691710",0.9064,-0.0057,0.0126,0.6492,"A","G",17,"IS","IS"
"80","rs1728173",0.9326,0.0026,0.0153,0.8666,"A","G",17,"IS","IS"
"81","rs111800319",0.9791,-8e-04,0.0266,0.9774,"T","C",17,"IS","IS"
"82","rs1230400",0.7271,-0.0043,0.008,0.5894,"A","G",17,"IS","IS"
"83","rs35174738",0.5861,0.0059,0.0071,0.4067,"A","G",17,"IS","IS"
"84","rs9915878",0.5855,0.0057,0.0072,0.4215,"A","G",17,"IS","IS"
"85","rs17610444",0.9264,-0.0182,0.0142,0.1995,"T","C",17,"IS","IS"
"86","rs1728174",0.9319,0.0016,0.0154,0.9175,"T","C",17,"IS","IS"
"87","rs15359",0.2706,0.0047,0.0083,0.576,"C","G",17,"IS","IS"
"88","rs851054",0.6491,0.0111,0.0079,0.1597,"T","C",17,"IS","IS"
"89","rs4792910",0.7927,-0.0049,0.0085,0.5648,"T","C",17,"IS","IS"
"90","rs16940163",0.3889,0.0025,0.0071,0.7262,"A","G",17,"IS","IS"
"91","rs9908933",0.3417,-0.0166,0.0076,0.02967,"T","C",17,"IS","IS"
"92","rs77560695",0.6382,0.009,0.0076,0.2336,"T","G",2,"IS","IS"
"93","rs1230399",0.7334,-0.0066,0.0109,0.5453,"T","C",17,"IS","IS"
"94","rs851055",0.6491,0.0115,0.0079,0.1435,"A","G",17,"IS","IS"
"95","rs1634330",0.3518,-0.0114,0.0079,0.1487,"T","C",17,"IS","IS"
"96","rs60210170",0.5855,0.0063,0.0071,0.3776,"A","G",17,"IS","IS"
"97","rs9783823",0.5857,0.006,0.0071,0.3986,"T","C",17,"IS","IS"
"98","rs79523610",0.0659,0.0263,0.0141,0.06255,"T","C",17,"IS","IS"
"99","rs78457612",0.9336,-0.0243,0.0142,0.08681,"A","C",17,"IS","IS"
"100","rs80070627",0.0662,0.0271,0.0142,0.05597,"A","G",17,"IS","IS"
"101","rs62078607",0.0709,-0.0044,0.0146,0.764,"T","C",17,"IS","IS"
"102","rs60210170",0.0221,0.0312,0.0348,0.3701,"T","C",21,"IS","IS"
"103","rs2076793",0.3416,-0.0164,0.0076,0.032,"A","T",17,"IS","IS"
"104","rs4792913",0.7282,-6e-04,0.0078,0.9437,"T","C",17,"IS","IS"
"105","rs116979403",0.2103,0.0041,0.0086,0.6325,"A","G",17,"IS","IS"
"106","rs74252773",0.0662,0.0259,0.0142,0.06848,"A","G",17,"IS","IS"
"107","rs7342930",0.3888,0.0025,0.0072,0.7272,"T","C",17,"IS","IS"
"108","rs1234612",0.7296,-0.007,0.0083,0.4018,"T","C",17,"IS","IS"
"109","rs17742347",0.2078,0.0046,0.0085,0.5925,"T","C",17,"IS","IS"
"110","rs9783806",0.4149,-0.0106,0.0071,0.1328,"T","G",17,"IS","IS"
"111","rs851056",0.6493,0.0112,0.0079,0.1526,"C","G",17,"IS","IS"
"112","rs1230398",0.9329,9e-04,0.0154,0.9547,"A","C",17,"IS","IS"
